City_ID,City,Country,Max Temp,Current Description,Lat,Lng,Hotel Name
0,Busselton,AU,68.95,overcast clouds,-33.65,115.3333,Observatory Guest House
1,Coahuayana,MX,85.5,overcast clouds,18.7333,-103.6833,El rranchito michuacan de ocampos
2,Pacifica,US,77.65,scattered clouds,37.6138,-122.4869,"Pacifica Lighthouse, Trademark Collection by Wyndham"
3,Hobart,AU,55.26,overcast clouds,-42.8794,147.3294,St Ives Hobart Accommodation Tasmania
4,Avarua,CK,82.45,broken clouds,-21.2078,-159.775,Paradise Inn
6,Kenai,US,42.89,clear sky,60.5544,-151.2583,Aspen Extended Stay Suites
7,Vaini,TO,78.96,broken clouds,-21.2,-175.2,Keleti Beach Resort
8,Maceio,BR,83.64,clear sky,-9.6658,-35.7353,Hotel Ponta Verde Macei√≥
9,Ancud,CL,50.23,light rain,-41.8697,-73.8203,Hotel Arena Gruesa
11,Port Blair,IN,80.64,mist,11.6667,92.75,"Welcomhotel By ITC Hotels, Bay Island, Port Blair"
12,Saint George,US,81.63,clear sky,37.1041,-113.5841,Best Western Plus Abbey Inn
13,Bluff,NZ,57.31,overcast clouds,-46.6,168.3333,Bluff Homestead - Guesthouse & Campervan Park
14,Tasiilaq,GL,30.36,snow,65.6145,-37.6368,The Red House
15,Vardo,NO,27.25,overcast clouds,70.3705,31.1107,Vard√∏ Hotel AS
16,Kavieng,PG,77.22,moderate rain,-2.5744,150.7967,Nusa Island Retreat
18,Victoria,HK,62.26,overcast clouds,22.2855,114.1577,Mini Hotel Central
19,Punta Arenas,CL,44.71,scattered clouds,-53.15,-70.9167,Hotel Hain
20,Mataura,NZ,51.82,broken clouds,-46.1927,168.8643,Ellie's Villa
21,Cabo San Lucas,MX,80.62,few clouds,22.8909,-109.9124,Hotel Tesoro Los Cabos
22,Georgetown,MY,76.95,few clouds,5.4112,100.3354,Cititel Penang
23,Constitucion,CL,61.65,broken clouds,-35.3333,-72.4167,Hotel Boutique Las Azucenas
24,Rikitea,PF,74.39,few clouds,-23.1203,-134.9692,People ThankYou
25,Ushuaia,AR,40.66,light intensity drizzle,-54.8,-68.3,Albatross Hotel
26,Kapaa,US,78.19,heavy intensity rain,22.0752,-159.319,Sheraton Kauai Coconut Beach Resort
27,Narsaq,GL,41.22,overcast clouds,60.9167,-46.05,Sleep In Narsaq
29,Lata,PT,43.43,broken clouds,40.1629,-8.3327,Casa Maquia
30,Yellowknife,CA,3.72,few clouds,62.456,-114.3525,The Explorer Hotel
31,Upernavik,GL,12.61,overcast clouds,72.7868,-56.1549,Caf√© de Upernavik
32,Tura,IN,69.13,few clouds,25.5198,90.2201,Hotel RIKMAN Continental
33,Praia Da Vitoria,PT,62.85,few clouds,38.7333,-27.0667,Hotel Branco I
34,Vila Franca Do Campo,PT,59.41,few clouds,37.7167,-25.4333,Pestana Bahia Praia
35,Esperance,AU,64.24,few clouds,-33.8667,121.9,Hospitality Esperance
37,Mar Del Plata,AR,69.82,clear sky,-38.0023,-57.5575,Gran Hotel Mar del Plata
38,Asau,RO,45.95,overcast clouds,46.4333,26.4,Casa Mika Ciobanus
39,Hofn,IS,43.63,light rain,64.2539,-15.2082,H√≥tel H√∂fn
40,Port Hedland,AU,80.65,broken clouds,-20.3167,118.5667,"The Esplanade Hotel (Accommodation section closed for refurbishment - Bar, Restaurant & Functions remain open)"
41,Mato Verde,BR,80.46,scattered clouds,-15.3972,-42.8664,Quality Hotel
42,Waipawa,NZ,58.14,scattered clouds,-41.4122,175.5153,Tora Coastal Walk
43,Villazon,BO,67.53,clear sky,-22.0866,-65.5942,La Candelaria
44,Hilo,US,76.24,overcast clouds,19.7297,-155.09,Hilo Hawaiian Hotel
45,Spirit River,CA,39.63,few clouds,55.7833,-118.8361,Motel 49
46,Lebu,CL,58.69,overcast clouds,-37.6167,-73.65,Hostal Las Lilas
48,Port Elizabeth,ZA,63.32,moderate rain,-33.918,25.5701,39 On Nile Guest House
49,Nome,US,20.16,clear sky,64.5011,-165.4064,Dredge 7 Inn
50,Port Alfred,ZA,64.18,overcast clouds,-33.5906,26.891,The Halyards Hotel
51,Hithadhoo,MV,82.85,few clouds,-0.6,73.0833,Scoop Guest House
52,Kodiak,US,36.91,moderate rain,57.79,-152.4072,Best Western Kodiak Inn And Convention Center
53,Morganton,US,62.11,overcast clouds,35.7454,-81.6848,Hampton Inn Morganton
54,Jamalpur,BD,74.19,broken clouds,24.9167,89.9333,College hostel
55,Komsomolskiy,UZ,57.92,clear sky,40.4272,71.7189,Ikathouse
56,Tambura,SS,78.62,broken clouds,5.6,27.4667,Rikito Lodge
57,Ribeira Grande,PT,61.2,scattered clouds,38.5167,-28.7,Quinta da Meia Eira
58,Chazuta,PE,81.45,overcast clouds,-6.5742,-76.1367,C√°liz Hostel Chazuta
59,Dingle,PH,74.71,overcast clouds,10.9995,122.6711,SEGAYA PROPERTY
61,Saint-Philippe,RE,76.59,very heavy rain,-21.3585,55.7679,"Chambres d'h√¥te ""La Trinit√©"""
62,Bredasdorp,ZA,61.84,light rain,-34.5322,20.0403,Bredasdorp Country Manor
63,Mitsamiouli,KM,81.12,clear sky,-11.3847,43.2844,Foyer ADM
65,Payo,ID,72.59,light rain,-3.7508,103.6372,Mess keban agung
66,Castro,BR,60.51,overcast clouds,-24.7911,-50.0119,CHACARA BAILLY
67,Ayorou,NE,89.78,scattered clouds,14.7308,0.9174,Hotel Amenokal
68,Atuona,PF,79.36,clear sky,-9.8,-139.0333,Villa Enata
69,Chuy,UY,65.53,clear sky,-33.6971,-53.4616,Nuevo Hotel Plaza
71,Fort Nelson,CA,17.19,scattered clouds,58.8053,-122.7002,The Fort Nelson Hotel
72,Tacuarembo,UY,68.76,clear sky,-31.7333,-55.9833,Complejo San Fructuoso
73,Caravelas,BR,77.95,clear sky,-17.7125,-39.2481,Pousada dos Navegantes
74,Ningyang,CN,44.17,clear sky,35.7642,116.7914,Chong'er Guesthouse
75,Atar,MR,79.97,clear sky,20.5169,-13.0499,Oumou Elghoura
76,Half Moon Bay,US,78.55,scattered clouds,37.4636,-122.4286,"The Ritz-Carlton, Half Moon Bay"
78,Cururupu,BR,77.34,broken clouds,-1.8283,-44.8683,POUSADA TRAV√âS'CIA
79,Fairbanks,US,19.24,overcast clouds,64.8378,-147.7164,Westmark Fairbanks Hotel & Conference Center
80,Pascagoula,US,77.05,overcast clouds,30.3658,-88.5561,Regency Inn
82,Jamestown,US,48.52,clear sky,42.097,-79.2353,Hampton Inn & Suites Jamestown
83,Souillac,MU,75.58,light rain,-20.5167,57.5167,Shanti Maurice Resort & Spa
84,Kiama,AU,64.38,overcast clouds,-34.6833,150.8667,The Sebel Kiama Harbourside
85,Grand Gaube,MU,75.6,overcast clouds,-20.0064,57.6608,Veranda Paul et Virginie Hotel & Spa
86,Bethel,US,55.58,clear sky,41.3712,-73.414,Courtyard by Marriott Danbury
87,San Julian,MX,85.73,clear sky,21.0167,-102.1667,La Nueva Espa√±a
88,Najran,SA,68.65,clear sky,17.4924,44.1277,ŸÖÿ≠ŸÖÿØ ŸáÿßÿØŸä ÿßŸÑ ŸÅÿ∑Ÿäÿ≠
90,Ngunguru,NZ,66.18,overcast clouds,-35.6167,174.5,Pacific Rendezvous Motel Resort
91,Kruisfontein,ZA,60.89,overcast clouds,-34.0033,24.7314,Oyster Bay House Rental
92,Garwolin,PL,35.71,overcast clouds,51.8975,21.6147,Hotel & Restauracja Sulbin
93,Haverfordwest,GB,41.05,clear sky,51.8017,-4.9691,Coastal Cottages of Pembrokeshire
94,Mangan,IN,70.03,overcast clouds,27.5167,88.5333,Hotel Mout View
95,Geraldton,AU,73.81,overcast clouds,-28.7667,114.6,Broadwater Mariner Resort
96,Qaanaaq,GL,12.52,overcast clouds,77.484,-69.3632,Qaanaaq Hotel
97,Roald,NO,39.16,light rain,62.5833,6.1333,Flem Cabins
98,Cap Malheureux,MU,74.46,overcast clouds,-19.9842,57.6142,Pereybere Hotel & Spa
99,Flin Flon,CA,28.24,scattered clouds,54.7682,-101.865,Victoria Inn Flin Flon
100,Bengkulu,ID,75.33,overcast clouds,-3.8004,102.2655,Grage Hotel Bengkulu
101,Mata,PT,39.4,scattered clouds,40.683,-7.4592,Hostel EntryFik
102,Ayr,GB,39.18,few clouds,55.4627,-4.6339,Mercure Ayr Hotel
103,Pacific Grove,US,70.39,clear sky,36.6177,-121.9166,Lovers Point Inn
104,Ponta Do Sol,PT,63.01,overcast clouds,32.6667,-17.1,Hotel do Campo
105,Haines Junction,CA,39.15,overcast clouds,60.7522,-137.5108,Parkside Inn
106,Aswan,EG,88.9,clear sky,24.0934,32.907,Nuba Nile
107,Waddan,LY,74.79,broken clouds,29.1614,16.139,ŸÖÿ≠ŸÑ ÿßŸÑÿ¥ÿ±ŸäŸÅ ŸÖÿ≠ŸÖÿØ ÿßŸÑÿπÿßŸäÿ®
108,Butaritari,KI,81.52,overcast clouds,3.0707,172.7902,Isles Sunset Lodge
109,Rio Gallegos,AR,51.85,broken clouds,-51.6226,-69.2181,Hotel Santa Cruz
110,Bambous Virieux,MU,75.45,moderate rain,-20.3428,57.7575,Casa Tia Villa
111,Hermanus,ZA,62.8,overcast clouds,-34.4187,19.2345,Misty Waves Boutique Hotel
112,New Norfolk,AU,54.9,overcast clouds,-42.7826,147.0587,The Shingles Riverside Cottages
113,Yongan,CN,37.18,few clouds,39.6957,113.6871,Beiyue International Hotel
114,Camacha,PT,58.42,scattered clouds,33.0833,-16.3333,Hotel Porto Santo & Spa
116,Cape Town,ZA,65.26,clear sky,-33.9258,18.4232,"Radisson Blu Hotel Waterfront, Cape Town"
117,Mount Gambier,AU,53.51,overcast clouds,-37.8333,140.7667,The Commodore
119,Valparaiso,CL,60.44,mist,-33.0393,-71.6273,Hotel Ultramar
121,Kloulklubed,PW,75.7,broken clouds,7.0419,134.2556,Storyboard Beach Resort
122,Kochevo,RU,21.81,overcast clouds,59.5994,54.3125,Hotel/–ì–æ—Å—Ç–∏–Ω–∏—Ü–∞
123,Hailey,US,53.46,clear sky,43.5196,-114.3153,Wood River Inn & Suites
124,Touros,BR,80.42,overcast clouds,-5.1989,-35.4608,INN NEW HORIZON
125,Galesong,ID,75.22,overcast clouds,-5.3166,119.3661,Sapriadi Appy
126,Hami,CN,51.82,broken clouds,42.8,93.45,Laoyutang Resort
128,Butler,US,51.67,overcast clouds,39.4501,-84.5666,The Lodge Activity Center
129,Bonavista,CA,36.16,overcast clouds,48.6499,-53.1147,Sweet Sharons bnb
130,Ruteng,ID,60.55,few clouds,-8.6136,120.4721,Hotel FX 72
131,El Alto,PE,82.06,broken clouds,-4.2714,-81.2147,Black Marlin Restaurant & Hospedaje
132,Pisco,PE,73.45,clear sky,-13.7,-76.2167,Hotel San Isidro Oficial
133,Northam,GB,40.39,few clouds,51.0333,-4.2167,Durrant House Hotel
134,Dauphin,CA,33.94,overcast clouds,51.1494,-100.0502,Canway Inn & Suites
135,Iquitos,PE,73.44,overcast clouds,-3.7481,-73.2472,Cortez Malaga Techy Caroly
136,Fortuna,US,61.86,clear sky,40.5982,-124.1573,Super 8 by Wyndham Fortuna
137,Ilebo,CD,68.5,overcast clouds,-4.3167,20.5833,H√¥tel BUMAK
138,Mabaruma,GY,76.28,overcast clouds,8.2,-59.7833,Monty Brooms Guest House
140,Qasigiannguit,GL,34.05,overcast clouds,68.8193,-51.1922,Almost HOME
141,Opatija,HR,45.28,overcast clouds,45.3392,14.3083,Hotel Opatija
142,Grindavik,IS,46.35,light rain,63.8424,-22.4338,Northern Light Inn & Max's Restaurant
143,Puerto Ayora,EC,85.96,scattered clouds,-0.7393,-90.3518,Finch Bay Galapagos Hotel
144,Helena,US,47.35,broken clouds,46.5927,-112.0361,"Holiday Inn Express & Suites Helena, an IHG Hotel"
145,Steamboat Springs,US,58.59,broken clouds,40.485,-106.8317,Steamboat Grand
146,Baghmara,IN,78.13,clear sky,23.795,86.2085,Shankar tea shop
147,Manavalakurichi,IN,79.84,few clouds,8.1333,77.3,Jebinrio home
148,Sur,OM,82.56,broken clouds,22.5667,59.5289,Sur Plaza Hotel
149,Sun City West,US,87.53,clear sky,33.662,-112.3413,Windmill All Suites Surprise
150,Severo-Kurilsk,RU,28.08,overcast clouds,50.6789,156.125,Kak Doma
151,Saint-Lo,FR,39.63,few clouds,49.1162,-1.0903,H√¥tel Mercure Saint-L√¥ Centre
152,Portland,US,58.95,scattered clouds,45.5234,-122.6762,Embassy Suites by Hilton Portland Downtown
153,Tuatapere,NZ,51.98,scattered clouds,-46.1333,167.6833,Ron and Tony's Bed & Breakfast
154,Douentza,ML,88.41,clear sky,14.9951,-2.9517,Ogomono Doumbo
155,Yulara,AU,55.24,clear sky,-25.2406,130.9889,Desert Gardens Hotel - Ayers Rock Resort
156,Comodoro Rivadavia,AR,73.26,few clouds,-45.8667,-67.5,Austral Hotel
157,Sao Filipe,CV,71.44,scattered clouds,14.8961,-24.4956,Hotel Xaguate
158,Eirunepe,BR,77.04,overcast clouds,-6.6603,-69.8736,Atr√°s de voc√™
159,Fallon,US,65.91,broken clouds,39.4735,-118.7774,Best Western Fallon Inn & Suites
160,Klaksvik,FO,43.72,overcast clouds,62.2266,-6.589,Airbnb rooms
162,Lazaro Cardenas,MX,80.85,overcast clouds,17.9583,-102.2,HOTEL QUINTA ANTIGUA
163,Hirara,JP,65.66,moderate rain,24.8,125.2833,Hotel Atoll Emerald Miyakojima
164,Saint-Francois,FR,33.67,clear sky,46.4154,3.9054,Manoir Du Bonheur
165,Minden,DE,34.99,broken clouds,52.2833,8.9167,Victoria Hotel Minden
166,Harpanahalli,IN,75.49,few clouds,14.8,75.9833,SUKHASHAYANA DELUXE LODGE
167,Lasa,IT,32.88,overcast clouds,46.6166,10.7002,Pension Feldg√§rtenhof
168,Thompson,CA,28.56,broken clouds,55.7435,-97.8558,Burntwood Hotel
169,Belyy Yar,RU,34.86,snow,53.6039,91.3903,Pasportnyy Stol
170,Enid,US,68.16,clear sky,36.3956,-97.8784,Ramada by Wyndham Enid
171,Sabha,LY,79.09,overcast clouds,27.0377,14.4283,Foundation Taaj Asala for Historical Research and Archeology
172,Brae,GB,39.56,overcast clouds,60.3964,-1.353,Busta House Hotel
173,Melfi,IT,39.49,scattered clouds,40.9965,15.6514,HOTEL TERME DI RAPOLLA
174,Saldanha,ZA,66.25,clear sky,-33.0117,17.9442,Blue Bay Lodge
175,Alamos,MX,89.19,clear sky,27.0167,-108.9333,Luz del Sol
176,Nikolskoye,RU,28.8,clear sky,59.7035,30.7861,Tourist House - Sablino
177,Dawlatabad,AF,60.42,clear sky,36.4141,64.9053,WASIM ASGAR KHAN
178,Gradignan,FR,43.34,broken clouds,44.7726,-0.6139,Domaine de Raba
180,Sucua,EC,77.74,moderate rain,-2.4667,-78.1667,Hotel Orellana
181,Banda Aceh,ID,79.2,overcast clouds,5.5577,95.3222,OYO 884 Rumoh PMI Hotel
182,Carnarvon,AU,75.27,few clouds,-24.8667,113.6333,Hospitality Carnarvon
183,Moron,AR,71.96,clear sky,-34.6534,-58.6198,Hotel Mor√≥n
184,Kahului,US,80.62,scattered clouds,20.8947,-156.47,Maui Seaside Hotel
185,Faanui,PF,81.9,broken clouds,-16.4833,-151.75,Bora-Bora Pearl Beach Resort & Spa
187,Chimoio,MZ,71.46,broken clouds,-19.1164,33.4833,Predio Livraria Ahmed
188,Port Lincoln,AU,59.32,scattered clouds,-34.7333,135.8667,Port Lincoln Hotel
190,Longyearbyen,SJ,1.24,few clouds,78.2186,15.6401,"Radisson Blu Polar Hotel, Spitsbergen"
191,Vila,PT,41.88,clear sky,42.0304,-8.1588,Hotel Castrum Villae by Walk Hotels
193,Katsuura,JP,52.47,moderate rain,35.1333,140.3,Katsuura Hotel Mikazuki
194,Meulaboh,ID,77.47,overcast clouds,4.1363,96.1285,Kost Pria
195,Naze,JP,61.72,overcast clouds,28.3667,129.4833,Shishime Hotel
197,Serik,TR,60.75,broken clouds,36.9169,31.0989,Armas Belek - Ultra All Inclusive
198,Salalah,OM,78.89,clear sky,17.0151,54.0924,"HAMDAN PLAZA HOTEL SALALAH, an HTG Hotel"
199,Taboga,IT,44.47,overcast clouds,46.2663,13.1092,"Hotel Willy - Taverna, Pizzeria, Ristorante"
200,Mahebourg,MU,75.49,light rain,-20.4081,57.7,Shandrani Beachcomber Resort & Spa
201,Port Hardy,CA,44.78,light rain,50.6996,-127.4199,Airport Inn-Port Hardy
202,Kovernino,RU,31.41,overcast clouds,57.1253,43.8142,Welcome
203,Toropets,RU,28.2,overcast clouds,56.4978,31.6353,Toropa
204,Muli,MV,82.4,few clouds,2.9167,73.5667,Medhufushi Island Resort
205,Calvinia,ZA,61.02,clear sky,-31.4707,19.776,Die Lemoenhuis
206,Manaskent,RU,43.97,clear sky,42.7275,47.6785,Baza Dgu
207,Coihaique,CL,49.95,broken clouds,-45.5752,-72.0662,Diego De Almagro Coyhaique
208,Umtata,ZA,60.12,light rain,-31.5889,28.7844,LLZZ Boutique Lodge
209,Uddevalla,SE,36.07,few clouds,58.3478,11.9424,Best Western Hotel Carlia
210,Banjar,ID,75.78,scattered clouds,-8.19,114.9675,The Hamsa Resort
211,Verkhnetulomskiy,RU,14.13,overcast clouds,68.6073,31.7962,–û—Ç–µ–ª—å –£—é—Ç
212,Sao Joao Da Barra,BR,82.49,few clouds,-21.6403,-41.0511,Pousada Porto De Canoas
213,Srivardhan,IN,77.2,overcast clouds,18.0333,73.0167,Savli Resort/Hotel - Shrivardhan
214,Kazerun,IR,68.09,few clouds,29.6195,51.6541,ÿ¢Ÿæÿßÿ±ÿ™ŸÖÿßŸÜ ÿ®ÿ≤ÿ±⁄Ø ÿßŸà€åÿ≥ÿß
216,Erenhot,CN,41.05,clear sky,43.6475,111.9767,Erenhot Rurouni Youth Hostel
218,La Palma,US,70.9,haze,33.8464,-118.0467,La Quinta Inn & Suites by Wyndham Buena Park
219,Tabou,CI,79.27,light rain,4.423,-7.3528,hot√™l doufoulougou
221,Cayenne,GF,80.1,light rain,4.9333,-52.3333,H√¥tel Le Dronmi
222,Matara,LK,75.78,few clouds,5.9485,80.5353,Amaloh Boutique Resort
224,Saint-Pierre,RE,76.68,broken clouds,-21.3393,55.4781,Lindsey H√¥tel
225,Huangnihe,CN,32.58,few clouds,43.5583,128.0239,Jinxin Bathing Fashion Hotel
226,Vesyegonsk,RU,24.35,overcast clouds,58.664,37.2604,Gostinitsa DELI
227,Cabedelo,BR,83.07,broken clouds,-6.9811,-34.8339,Hotel Pigalle
228,San Patricio,US,92.16,clear sky,28.017,-97.5169,"Motel 6 Sinton, TX"
230,Mayumba,GA,77.65,overcast clouds,-3.432,10.6554,LIKWALE LODGE
231,Ahipara,NZ,67.86,overcast clouds,-35.1667,173.1667,Ahipara Holiday Park
232,Mangrol,IN,76.55,clear sky,21.1167,70.1167,Hotel The Royal Honours
233,Maiduguri,NG,87.98,overcast clouds,11.8464,13.1603,Kagel Mari Police Station
234,Omboue,GA,74.07,overcast clouds,-1.5746,9.2618,Hotel Olako
235,Roura,GF,79.97,moderate rain,4.7263,-52.3274,Amazonie D√©couverte SARL
236,Paramonga,PE,72.45,overcast clouds,-10.6667,-77.8333,HOSTAL MI CHALET - PARAMONGA
237,Cidreira,BR,70.23,clear sky,-30.1811,-50.2056,Hotel Castelo
239,East London,ZA,66.49,light rain,-33.0153,27.9116,Tu Casa
240,Bandraboua,YT,80.28,clear sky,-12.7044,45.1223,HASSANI Mikidachi
241,Port-Gentil,GA,80.04,overcast clouds,-0.7193,8.7815,Fengshui Residence
242,Gat,IL,71.4,overcast clouds,31.61,34.7642,OlusHome
243,Abaza,RU,35.87,light rain,52.655,90.0928,–ì–æ—Å—Ç–µ–≤–æ–π –¥–æ–º ¬´–ö–µ–¥—Ä–æ–≤—ã–π¬ª
245,Tongliao,CN,40.42,broken clouds,43.6125,122.2653,Meirujia Hotel
246,Bathsheba,BB,83.01,broken clouds,13.2167,-59.5167,Atlantis Hotel
247,Fuyu,CN,41.41,overcast clouds,45.1833,124.8167,Education Hostel
248,Sabzevar,IR,60.08,clear sky,36.2126,57.6819,Ÿæÿ≤ÿ¥⁄©€å ŸÇÿßŸÜŸàŸÜ€å ÿ≥ÿ®ÿ≤Ÿàÿßÿ±
249,Atasu,KZ,25.93,clear sky,48.6814,71.6433,Dostyk
250,Fengrun,CN,44.87,clear sky,39.8333,118.1167,Super 8 Tangshan North Railway Station Tangfeng Road
251,Port Keats,AU,77.45,few clouds,-14.25,129.55,TDC Village (Hundred Man Camp)
252,Zhanaozen,KZ,61.41,clear sky,43.3,52.8,K.korabay 28A
253,Kathmandu,NP,66.42,mist,27.7167,85.3167,Hotel Shanker Kathmandu
254,Flinders,AU,64.18,overcast clouds,-34.5833,150.8552,Shellharbour Resort & Conference Centre
256,Reconquista,AR,69.15,broken clouds,-29.15,-59.65,Grand Hotel
257,Port-Cartier,CA,39.74,broken clouds,50.0334,-66.8654,Le Q'Artier
258,Strezhevoy,RU,12.34,overcast clouds,60.7333,77.5889,Sibiryachka
260,Manta,EC,82.18,scattered clouds,-0.95,-80.7333,Balandra Hotel
261,Ilulissat,GL,33.82,few clouds,69.2167,-51.1,Hotel Arctic
265,Porto Velho,BR,75.25,overcast clouds,-8.7619,-63.9039,Ecos Hotel Conforto
266,Sorland,NO,34.0,light snow,67.667,12.6934,Sjybrygga fiskecamp
267,Kankaanpaa,FI,32.76,light snow,61.8,22.4167,Kuntoutuskeskus Kankaanp√§√§
269,Ust-Uda,RU,31.28,overcast clouds,54.1742,103.0304,Gostinitsa Ust'-Uda Shans
270,Kerema,PG,76.69,overcast clouds,-7.9631,145.7785,Frena Lodge
271,Guarapari,BR,81.9,scattered clouds,-20.6667,-40.4975,Hotel Porto do Sol
272,Dandong,CN,38.48,clear sky,40.1292,124.3947,Yiranju Farmstay
273,Imphal,IN,64.27,clear sky,24.8167,93.95,State Guest House
274,Hobyo,SO,81.45,scattered clouds,5.3505,48.5268,Iftin hotel hobyo
275,Ariquemes,BR,78.51,overcast clouds,-9.9133,-63.0408,Hotel Sol Nascente - Ariquemes - RO
276,La Paz,BO,55.38,broken clouds,-16.5,-68.15,Hotel Presidente
277,Bandarbeyla,SO,78.66,broken clouds,9.4942,50.8122,JABIR HOTEL
278,Ust-Barguzin,RU,32.86,overcast clouds,53.45,108.9833,Barguzinskiy Priboy Inn
279,Dimitrovgrad,RU,45.28,overcast clouds,54.2139,49.6184,Skazka
280,Buala,SB,80.58,light rain,-8.145,159.5921,Maringe Lagoon Lodge
281,Singaraja,ID,78.26,broken clouds,-8.112,115.0882,Puri Bagus Lovina Resort
282,Wadi Maliz,TN,51.46,clear sky,36.4681,8.5495,HOPITAL
283,Tamandare,BR,79.21,few clouds,-8.7597,-35.1047,Pousada 100 Passos
284,Saint-Leu,RE,76.06,heavy intensity rain,-21.15,55.2833,La Caz Oceane
285,Clovis,US,79.03,broken clouds,36.8252,-119.7029,Fairfield Inn & Suites by Marriott Fresno Clovis
286,Todos Santos,MX,65.44,scattered clouds,23.45,-110.2167,Hotel California Todos Santos
288,Umm Lajj,SA,82.45,clear sky,25.0213,37.2685,Moon light Furnished Units
289,Haapsalu,EE,30.02,clear sky,58.9431,23.5414,Fra Mare Thalasso Spa
290,Bintulu,MY,77.41,scattered clouds,3.1667,113.0333,900 Boutique INN
291,Saint Anthony,US,52.34,few clouds,45.0205,-93.218,Holiday Inn Express Roseville-St. Paul
292,Methoni,GR,53.46,broken clouds,36.8197,21.7049,Methoni Beach Hotel
293,Broome,US,49.6,clear sky,42.2506,-75.833,Chenango Valley State Park
294,Dillon,US,70.95,broken clouds,34.4166,-79.3712,Dillon Express Inn
297,Lompoc,US,72.79,overcast clouds,34.6391,-120.4579,"Holiday Inn Express Lompoc, an IHG Hotel"
298,Eagle Pass,US,89.28,few clouds,28.7091,-100.4995,"Holiday Inn Express & Suites Eagle Pass, an IHG Hotel"
299,Vaitape,PF,81.93,broken clouds,-16.5167,-151.75,Conrad Bora Bora Nui
301,Zambezi,ZM,66.49,broken clouds,-13.5432,23.1047,Royal Kutachika Lodge
302,Honningsvag,NO,28.15,overcast clouds,70.9821,25.9704,Nordkapp Vandrerhjem
303,Los Llanos De Aridane,ES,62.35,overcast clouds,28.6585,-17.9182,Valle Aridane
304,Bilma,NE,85.44,overcast clouds,18.6853,12.9164,Expeditions T√©n√©re voyages
305,Rossano,IT,43.14,scattered clouds,39.5751,16.6349,Hotel Scigliano
306,Gilgit,PK,57.69,overcast clouds,35.9221,74.3087,Tourist Hamlet Gilgit
307,Franklin,US,52.81,overcast clouds,39.9667,-83.0166,Courtyard by Marriott Columbus Downtown
308,Anito,PH,77.94,overcast clouds,12.4497,125.2886,FELIPA LAODENIO PROPERTY
309,Novovoronezh,RU,52.5,broken clouds,51.3072,39.2173,Novik
310,Kangaatsiaq,GL,23.31,broken clouds,68.3065,-53.4641,Nukissiorfiit
311,Kot Addu,PK,81.91,clear sky,30.4692,70.9671,Mohammad Ayub General Store
312,Newport,GB,41.25,scattered clouds,51.5877,-2.9984,ibis budget Newport
313,Mirpur Sakro,PK,77.86,clear sky,24.5474,67.6277,Ali muhammad‚Äôs house
315,Samarai,PG,81.23,overcast clouds,-10.6167,150.6667,Nuli Sapi
316,Gouyave,GD,83.17,few clouds,12.1646,-61.7296,Rumboat Retreat
317,Praia,CV,70.34,few clouds,14.9215,-23.5087,LT Aparthotel
318,Alyangula,AU,69.67,overcast clouds,-13.8483,136.4192,Groote Eylandt Lodge
319,Codajas,BR,75.4,overcast clouds,-3.8367,-62.0569,Atl√¢ntic Hotel
320,Iqaluit,CA,26.33,overcast clouds,63.7506,-68.5145,Frobisher Inn
321,Ossipee,US,49.17,clear sky,43.6854,-71.1167,Ken & Denise - Slice of heaven
323,Renfrew,GB,42.53,scattered clouds,55.872,-4.3925,Normandy Hotel Glasgow
324,North Bend,US,62.24,clear sky,43.4065,-124.2243,Red Lion Hotel Coos Bay
326,Te Anau,NZ,52.05,scattered clouds,-45.4167,167.7167,Kingsgate Hotel Te Anau
327,Olinda,BR,83.93,few clouds,-8.0089,-34.8553,Flat Quatro Rodas Olinda
328,Moree,AU,55.42,overcast clouds,-29.4667,149.85,Molika Springs Motel
329,Neuquen,AR,82.29,clear sky,-38.9516,-68.0591,Hotel del Comahue
331,Balkhash,KZ,39.36,clear sky,46.844,74.9804,Family
332,Sitka,US,46.29,overcast clouds,57.0531,-135.33,Westmark Sitka
333,Kiboga,UG,63.68,light rain,0.9161,31.7742,Marie Lustenberger Guest House
334,El Paso,US,79.09,clear sky,31.8001,-106.2005,Desert Oasis Park MHP
335,Tarnos,FR,45.55,clear sky,43.5417,-1.4628,"The Originals City, H√¥tel Le Lodge, Bayonne Nord (Inter-Hotel)"
336,Sebeta,ET,60.17,overcast clouds,8.9167,38.6167,Alem Hotel And Milto Cinema
337,Torbay,CA,39.38,light intensity drizzle,47.6666,-52.7314,Gallows Cove
341,Truro,GB,41.76,scattered clouds,50.2653,-5.0544,Mannings Hotel
342,Thunder Bay,CA,42.78,broken clouds,48.4001,-89.3168,Victoria Inn Hotel and Convention Centre
343,Estelle,US,75.99,broken clouds,29.8458,-90.1067,Boomtown Casino & Hotel New Orleans
345,Boyolangu,ID,74.73,overcast clouds,-8.1181,111.8935,Yos ega cv
346,Lagoa,PT,59.13,scattered clouds,39.05,-27.9833,Casa Das Faias
348,Nikolayevka,RU,51.85,light rain,53.1257,47.2041,"Hotel ""Prestige"""
349,Kuytun,RU,27.68,overcast clouds,54.3419,101.5036,Gostinitsa Tsentral'naya
350,Osorno,CL,57.51,overcast clouds,-40.5667,-73.15,Sonesta Hotel Osorno
351,Pangnirtung,CA,22.01,overcast clouds,66.1451,-65.7125,Kilabuk Lodge
352,Broken Hill,AU,49.71,few clouds,-31.95,141.4333,Royal Exchange Hotel
353,Marawi,PH,68.86,overcast clouds,7.9986,124.2928,Derogongan Residence
354,Jacareacanga,BR,76.41,overcast clouds,-6.2222,-57.7528,Casa do Ianüòé
356,Terney,RU,34.14,clear sky,45.0503,136.6092,"Hotel ""Ternay"""
357,Santa Cruz Cabralia,BR,82.63,scattered clouds,-16.2781,-39.0247,Puerto Princesa Inn
359,Kuah,MY,78.78,few clouds,6.3265,99.8432,Azio Hotel
360,Mayo,US,59.77,clear sky,38.8876,-76.5119,Resorts Resource Group International
361,Salisbury,GB,39.49,broken clouds,51.0693,-1.7957,Mercure Salisbury White Hart Hotel
362,Hasaki,JP,43.2,overcast clouds,35.7333,140.8333,Inubosaki Kanko Hotel
363,Inyonga,TZ,66.67,overcast clouds,-6.7167,32.0667,Eden Rock Lodge
365,Namibe,AO,71.22,overcast clouds,-15.1961,12.1522,Hotel Chik Chik Namibe
366,Nizwa,OM,77.47,few clouds,22.9333,57.5333,Orient Apartments
367,Englewood,US,69.22,broken clouds,39.6478,-104.9878,InTown Suites Extended Stay Denver CO - Englewood
368,Codrington,AU,57.16,broken clouds,-38.2667,141.9667,Codrington Gardens Bed And Breakfast
369,Sinnamary,GF,78.46,light rain,5.3833,-52.95,ALETHEIA Appartement Sinnamary
370,Mpika,ZM,63.43,overcast clouds,-11.8343,31.4529,Melodies Lodge
371,Yashkul,RU,59.94,overcast clouds,46.1711,45.3435,"Gostinitsa ""Putnik"""
372,Ambon,ID,78.94,scattered clouds,-3.6954,128.1814,Swiss-Belhotel Ambon
373,Saint John,CA,44.6,broken clouds,45.2727,-66.0677,Delta Hotels by Marriott Saint John
374,Karratha,AU,80.24,clear sky,-20.7377,116.8463,ibis Styles Karratha
375,Chapais,CA,35.38,overcast clouds,49.7834,-74.8492,H√¥tel Op√©miska
376,Kutum,SD,76.19,scattered clouds,14.2,24.6667,Dibbo areaŸÖŸÜÿ∑ŸÇÿ© ÿØÿ®Ÿà
378,Khapa,IN,84.15,clear sky,21.4333,78.9667,Bagde Villa
379,San Cristobal,VE,80.78,scattered clouds,7.7669,-72.225,Pirineos
380,Dunedin,NZ,55.2,few clouds,-45.8742,170.5036,Scenic Hotel Southern Cross
382,Kumbo,CM,67.19,broken clouds,6.2,10.6667,Western Inn Resort
384,Hamilton,US,52.25,overcast clouds,39.1834,-84.5333,Six Acres Bed & Breakfast
385,Tecoanapa,MX,85.42,overcast clouds,16.5167,-98.75,Hotel Manglares
386,Stornoway,GB,39.92,broken clouds,58.2093,-6.3865,Caladh Inn
387,Sechura,PE,81.01,broken clouds,-5.5569,-80.8222,Hospedaje Costa Bella
388,Noumea,NC,82.0,broken clouds,-22.2763,166.4572,H√¥tel Le Lagon
390,Natal,BR,84.42,few clouds,-5.795,-35.2094,Villa Park Hotel | Natal
391,Itupiranga,BR,89.92,scattered clouds,-5.1347,-49.3267,Hotel Panorama
392,Tairua,NZ,66.06,overcast clouds,-37.0167,175.85,Pacific Harbour Villas
394,Port Lavaca,US,90.14,clear sky,28.615,-96.6261,Holiday Inn Express & Suites Port Lavaca
397,Husavik,IS,36.14,overcast clouds,66.0449,-17.3389,Bjarnab√∫√∞
399,Ugoofaaru,MV,82.47,clear sky,5.6667,73.0,Ungoofaaru Inn
400,Horta,PT,60.44,scattered clouds,38.5333,-28.6333,Hotel do Canal | Horta - Faial
402,Clyde,US,49.17,overcast clouds,41.3042,-82.9752,Red Roof Inn Clyde
403,Rantepao,ID,64.22,overcast clouds,-2.9701,119.8978,Hotel Luta Resort
405,Lima,PE,70.05,clear sky,-12.0432,-77.0282,Hotel Kamana
407,Yabrud,SY,60.26,overcast clouds,33.9674,36.6574,ÿµÿßŸÑÿ© ÿßŸÅÿ±ÿßÿ≠ ÿßŸÑÿßŸÜÿØŸÑÿ≥
408,Rodeo,US,81.1,clear sky,38.033,-122.2669,Captain's Cottage
409,Bairiki,KI,80.6,light intensity shower rain,1.3292,172.9752,Tarawa Boutique Hotel
410,Le Mars,US,58.57,scattered clouds,42.7942,-96.1656,"Holiday Inn Express & Suites Le Mars, an IHG Hotel"
411,Buarcos,PT,52.14,overcast clouds,40.166,-8.8768,Hotel Sweet Atlantic SPA
412,Kostino,RU,25.34,overcast clouds,58.9097,53.2691,"–ö–∞—Ñ–µ-–≥–æ—Å—Ç–∏–Ω–∏—Ü–∞ ""–ü—Ä–∏–≤–∞–ª"" –±–µ—Å–ø–ª–∞—Ç–Ω—ã–π WiFi, –Ω–æ–º–µ—Ä 500 —Ä—É–±."
413,Moose Factory,CA,39.2,clear sky,51.2585,-80.6094,Moosonee Lilypad
414,Niquelandia,BR,78.71,clear sky,-14.4739,-48.4597,Hotel Suin√£
415,Arlit,NE,90.68,overcast clouds,18.7369,7.3853,Case de Passage De la Prefecture
416,Midland,US,82.06,clear sky,31.9974,-102.0779,DoubleTree by Hilton Hotel Midland Plaza
417,Tezu,IN,69.03,overcast clouds,27.9167,96.1667,Circuit House
418,Dhari,IN,76.64,clear sky,21.3333,71.0167,Anand pan & coldrinks
419,Mattawa,US,59.61,few clouds,46.7379,-119.9028,Sun & Sand Mobile Home Park
420,Bay Roberts,CA,40.14,overcast clouds,47.5999,-53.2648,Stonewall Inn
421,Arraial Do Cabo,BR,76.96,broken clouds,-22.9661,-42.0278,Pousada Porto Praia
422,Bereda,ES,40.57,clear sky,43.2686,-7.5406,Pazo de Verdes
424,Pakxan,LA,60.64,few clouds,18.3778,103.6601,Kong Kham Pheng Guesthouse
425,Riyadh,SA,77.14,broken clouds,24.6877,46.7219,"InterContinental Riyadh, an IHG Hotel"
426,Kashi,CN,58.21,overcast clouds,39.4547,75.9797,Â∏ïÁ±≥Â∞îÈùíÂπ¥ÊóÖËàç
428,Lorengau,PG,78.98,light rain,-2.0226,147.2712,Lorengau Harbourside Hotel
429,Porosozero,RU,10.56,broken clouds,62.7191,32.727,Porosozero
430,Zhangjiakou,CN,41.49,overcast clouds,40.81,114.8794,Shell Zhangjiakou City Qiaodong District Ginza Hotel
432,Whitefish,US,44.42,overcast clouds,48.4111,-114.3376,Best Western Rocky Mountain Lodge
433,May Pen,JM,83.41,broken clouds,17.9645,-77.2451,Mus Com Bac
434,Berlevag,NO,21.0,light snow,70.8578,29.0864,Kvitbrakka
435,Vila Velha,BR,84.15,few clouds,-20.3297,-40.2925,Hotel Vit√≥ria Palace
436,Kaitangata,NZ,54.41,scattered clouds,-46.2817,169.8464,Kaitangata Motor Camp
437,Yelizovo,RU,28.54,broken clouds,53.1873,158.3805,Kamchatskiy Stil' Hostel
438,Sept-Iles,CA,40.05,broken clouds,50.2001,-66.3821,Comfort Inn
439,Mahbubabad,IN,79.72,few clouds,17.6167,80.0167,District Collector Residence
440,Murakami,JP,36.63,few clouds,38.2333,139.4833,Senami Grand Hotel Haginoya
441,Moyale,KE,73.67,overcast clouds,3.5167,39.0584,La Tahzan Guest House
442,Ambilobe,MG,72.77,clear sky,-13.2,49.05,H√¥tel & Restaurant DIANA Ambilobe
443,Ballina,AU,67.01,broken clouds,-28.8667,153.5667,Ramada Hotel & Suites by Wyndham Ballina Byron
444,Rio Grande,BR,75.31,broken clouds,-32.035,-52.0986,Hotel Atl√¢ntico Rio Grande
446,Talnakh,RU,4.21,overcast clouds,69.4865,88.3972,Talnakh Hotel
447,Guerrero Negro,MX,67.33,broken clouds,27.9769,-114.0611,"Casa Laguna, Bed & Breakfast"
448,Manokwari,ID,78.98,overcast clouds,-0.8667,134.0833,Swiss Belhotel Manokwari
449,Camargo,MX,84.81,clear sky,27.6667,-105.1667,Hotel Santa Fe
450,Ponta Delgada,PT,59.72,few clouds,37.7333,-25.6667,Vila Nova Hotel
451,Kruszwica,PL,30.76,overcast clouds,52.6756,18.3313,O≈õrodek Szkolenia ≈ªeglarskiego: Pole Namiotowe
452,Rawson,AR,79.5,few clouds,-43.3002,-65.1023,Hosteria Sampedro
453,Wick,GB,37.45,broken clouds,58.4333,-3.0833,Mackays Hotel
456,Uusikaupunki,FI,32.34,light snow,60.8004,21.4084,Hotel Aquarius
457,Santa Rosalia,MX,73.49,scattered clouds,27.3167,-112.2833,Hotel Las Casitas Santa Rosalia
458,Sola,VU,80.67,moderate rain,-13.8833,167.55,Leumerus Bungalows
460,Imbituba,BR,69.12,broken clouds,-28.24,-48.6703,Praia Hotel Imbituba
461,Sao Geraldo Do Araguaia,BR,78.28,moderate rain,-6.4006,-48.555,Hotel Por do Sol
462,Isangel,VU,81.72,overcast clouds,-19.55,169.2667,Tanna Lodge
463,Sabya,SA,83.82,clear sky,17.1495,42.6254,Aseel Hotel Apartment
464,Kologriv,RU,28.58,snow,58.8275,44.3178,Postoyalyy Dvor
465,Aci Castello,IT,50.34,clear sky,37.5583,15.1346,Grand Hotel Baia Verde
467,Paamiut,GL,32.56,broken clouds,61.994,-49.6678,Pistut
469,Hambantota,LK,78.37,few clouds,6.1241,81.1185,Bungalow 63
470,Corning,US,53.49,clear sky,42.1428,-77.0547,Fairfield Inn by Marriott Corning Riverside
471,Boissevain,CA,35.64,scattered clouds,49.2306,-100.0559,Boissevain Campgrounds
472,Krasnozerskoye,RU,33.76,overcast clouds,53.9828,79.2374,Hotel Tsentralniy
473,Meadow Lake,US,73.85,clear sky,34.8014,-106.5436,TumbleWeed RV Park
474,Ketchikan,US,40.98,light rain,55.3422,-131.6461,Snow's Cove Lodge
475,Pochutla,MX,91.81,clear sky,15.7432,-96.4661,Hotel Posada San Jose
476,Alekseyevka,RU,52.18,broken clouds,50.6309,38.6903,Apartment on Ploshchad Pobedy
477,Svarychiv,UA,31.59,overcast clouds,48.9622,24.1966,Imperiya
478,Ures,MX,87.71,clear sky,29.4333,-110.4,Hacienda Quinta Napoles
479,Conceicao Do Araguaia,BR,77.54,broken clouds,-8.2578,-49.2647,Tarum√£ Tropical Hotel
480,Siocon,PH,75.58,moderate rain,7.7061,122.1353,ABS Hotel
482,At-Bashi,KG,32.23,overcast clouds,41.1702,75.8106,Hostel At-Bashy
483,Portobelo,PA,87.96,scattered clouds,9.55,-79.65,Scuba Portobelo
485,Chaah,MY,74.37,overcast clouds,2.249,103.048,OYO 90383 Chaah Homestay 1
486,Kirakira,SB,78.64,light rain,-10.4544,161.9205,SanBiz Lodge
487,Guozhen,CN,48.15,clear sky,34.3659,107.359,Yucai Hotel
488,Novi Iskar,BG,46.83,few clouds,42.8,23.35,Hi-Life Family Hotel
489,Matelandia,BR,69.33,overcast clouds,-25.2408,-53.9964,Hotel Faeli
490,Inhambane,MZ,76.46,clear sky,-23.865,35.3833,Oceano
491,Casa Nova,BR,84.24,overcast clouds,-9.4167,-41.1333,L√îRO BEACH. DUNAS
492,Dongsheng,CN,35.78,clear sky,39.8161,109.9776,Crowne Plaza Ordos
493,Viedma,AR,79.93,clear sky,-40.8135,-62.9967,Hotel Cristal
494,Taltal,CL,66.27,few clouds,-25.4,-70.4833,Residencial Karime
495,Clearlake,US,75.72,overcast clouds,38.9582,-122.6264,Americas Best Value Inn & Suites Clearlake Wine Country
496,Margate,GB,40.69,clear sky,51.3813,1.3862,Premier Inn Margate hotel
497,Mogadishu,SO,81.59,broken clouds,2.0371,45.3438,Hotel Juba
498,Guiratinga,BR,78.6,overcast clouds,-16.3494,-53.7583,Hotel Angra do Cerrado - Guiratinga MT
499,Chino Valley,US,74.68,clear sky,34.7575,-112.4538,Primrose Inn & Suites
500,Sokoni,TZ,82.26,clear sky,-6.4333,39.55,Ujamaa Beach Resort
501,The Valley,AI,82.26,few clouds,18.217,-63.0578,CeBlue Villas & Beach Resort
502,Nanakuli,US,80.55,broken clouds,21.3906,-158.1547,Camp PƒÅlehua
503,Palu,ID,74.5,overcast clouds,-0.8917,119.8707,Hotel Santika Palu
504,Saint-Ambroise,CA,36.57,broken clouds,48.5501,-71.3324,Motel Saint-Ambroise
505,Bhatkal,IN,79.84,few clouds,13.9667,74.5667,Nilawar Palace
507,Nikki,BJ,87.93,broken clouds,9.9401,3.2108,Monnon
508,Tome,CL,61.41,overcast clouds,-36.6167,-72.95,Hotel Saint Denis
509,Salihorsk,BY,32.02,light snow,52.7876,27.5415,Apartment on Parkovoy 26
510,Nishihara,JP,63.68,overcast clouds,26.1842,127.7558,Minshuku Agaihama
511,Bikapur,IN,76.28,clear sky,26.6,82.1333,Hotel Tirupati
512,Bahir Dar,ET,74.44,broken clouds,11.5936,37.3908,"Delano Hotel, Bahir Dar"
513,La Ronge,CA,32.25,few clouds,55.1001,-105.2842,Northland Motor Hotel
514,Preobrazheniye,RU,34.84,clear sky,42.9019,133.9064,Campsite Orlan
515,Semnan,IR,64.24,clear sky,35.5729,53.3971,Semnan Tourist Hotel
516,Teahupoo,PF,80.56,overcast clouds,-17.8333,-149.2667,Vanira Lodge
519,Son La,VN,51.58,scattered clouds,21.3167,103.9,Galaxy Grand Hotel
520,Koppang,NO,23.67,overcast clouds,61.5706,11.0555,Trya Camping
522,Urucara,BR,81.79,overcast clouds,-2.5364,-57.76,Pousada Maria Bonita
523,Marquette,US,39.36,overcast clouds,46.5333,-87.6335,Al Quaal Lodge
524,San Vito Dei Normanni,IT,50.04,broken clouds,40.6573,17.7072,Albatres Palace Hotel
525,Alice Springs,AU,56.75,broken clouds,-23.7,133.8833,Desert Palms Alice Springs
526,New Ulm,US,50.56,scattered clouds,44.3125,-94.4605,Best Western Plus New Ulm
527,Port Moresby,PG,72.82,few clouds,-9.4431,147.1797,Lamana Hotel (Port Moresby)
528,Ardmore,US,75.85,clear sky,34.1743,-97.1436,"Motel 6 Ardmore, OK"
529,Eyl,SO,78.58,broken clouds,7.9803,49.8164,Amiin Hotel
531,Nabire,ID,74.25,broken clouds,-3.3667,135.4833,Hotel Nusantara I
532,Manacapuru,BR,76.23,moderate rain,-3.2997,-60.6206,Novo Hotel
533,Houma,US,75.02,broken clouds,29.5958,-90.7195,Courtyard by Marriott Houma
534,Muyezerskiy,RU,22.66,light snow,63.9333,31.65,"Gostinitsa Ooo ""Lzkh ""Ledmozerskoye"""
535,Ust-Tarka,RU,31.1,light snow,55.5672,75.705,Pearl of Siberia
536,Plaridel,PH,77.11,overcast clouds,14.8872,120.8572,St. Agatha Resort
538,Bud,US,56.68,broken clouds,39.447,-86.1758,Ted McQuinn Trust
539,Oistins,BB,82.49,broken clouds,13.0667,-59.5333,Butterfly Beach Hotel
540,Davila,PH,77.0,overcast clouds,18.4726,120.5763,Blue Ridge Beach Resort
541,San Jose,US,78.93,scattered clouds,37.3394,-121.895,The Westin San Jose
542,Hazorasp,UZ,57.04,overcast clouds,41.3194,61.0742,Kemping wifi hotel
543,Alihe,CN,27.07,scattered clouds,50.5667,123.7167,Alihe Forestry Hotel
544,Ljungby,SE,24.98,clear sky,56.8332,13.9408,Hotel Terraza
545,Burgeo,CA,32.85,snow,47.6167,-57.6152,Gillett's Motel
546,Penzance,GB,41.83,broken clouds,50.1186,-5.5371,Artist Residence Penzance
548,Gladstone,AU,67.93,clear sky,-23.85,151.25,Highpoint International Hotel
549,Huarmey,PE,74.12,overcast clouds,-10.0681,-78.1522,Hotel Miramar
550,Saint-Paul,RE,77.11,moderate rain,-21.0096,55.2707,Boucan Canot
552,Sardarshahr,IN,81.48,clear sky,28.4333,74.4833,Hotel Moti Mahal
553,Morristown,US,61.9,scattered clouds,36.214,-83.2949,Days Inn by Wyndham Morristown
554,Canto Do Buriti,BR,80.01,broken clouds,-8.11,-42.9444,Novo Hotel
555,Sao Gabriel,BR,69.96,clear sky,-30.3364,-54.32,Hotel Obino S√£o Gabriel
556,Champerico,GT,93.74,clear sky,14.3,-91.9167,"Hotel y restaurante ""El Diamante"""
560,Itinga,BR,85.03,few clouds,-16.6131,-41.7653,Hotel Restaurante Itinga
561,Sorong,ID,79.16,overcast clouds,-0.8833,131.25,Waigo Splash Hotel
562,Kouroussa,GN,90.36,overcast clouds,10.65,-9.8833,Hotel Paillote
563,Elmira,US,50.52,clear sky,42.0898,-76.8077,Mark Twain Motor Inn
564,Belmonte,BR,77.95,clear sky,-15.8631,-38.8828,Pousada Monte Carmelo O P√£o
565,Necochea,AR,66.58,clear sky,-38.5473,-58.7368,dyd -mar Hotel
566,Valleyview,CA,42.84,few clouds,55.0667,-117.2859,Paradise Inn & Suites
567,Seddon,AU,59.99,overcast clouds,-37.8068,144.8916,Footscray Motor Inn
568,Pyaozerskiy,RU,23.97,light snow,65.8333,31.1667,Taratuga
569,Kismayo,SO,80.85,scattered clouds,-0.3582,42.5454,Agan-Hotel
570,Kudat,MY,77.29,few clouds,6.8837,116.8477,Dream Garden Hotel
571,Jilib,SO,79.84,broken clouds,0.4883,42.7854,Waadi Hotel
572,Mpanda,TZ,66.31,overcast clouds,-6.3655,31.0409,CH Hotel - Mpanda
573,Sabang,ID,81.09,light rain,5.8933,95.3214,Hotel Citra
575,Zinder,NE,86.05,overcast clouds,13.8072,8.9881,Hotel de Ville
576,Pandamatenga,BW,66.42,clear sky,-18.5278,25.627,Wildtrack Safaris Eco Lodge
577,Vestmanna,FO,41.92,overcast clouds,62.1564,-7.1664,Vestmanna Camping
580,Bagnols-Sur-Ceze,FR,41.22,overcast clouds,44.1599,4.6178,H√¥tel Ch√¢teau du Val de Ceze
581,Sungairaya,ID,77.56,scattered clouds,0.7,108.9,Rumah Kuku Moimoi Shelly
582,Faya,SA,64.51,clear sky,18.3851,42.4509,ÿßŸÖŸÑÿßŸÉ ÿÆÿßŸÑÿØ ÿßŸÑÿ¥ÿπÿ¥Ÿàÿπ
583,Labrea,BR,69.33,overcast clouds,-7.2586,-64.7981,Hotel Novo Horizonte
584,Pringsewu,ID,72.37,broken clouds,-5.3582,104.9744,Urban Style by Front One
585,Llangefni,GB,40.73,clear sky,53.2556,-4.3106,Bull Hotel
586,Ler,SS,91.65,overcast clouds,8.3018,30.1418,Leer Humanitarian Hub
588,West Bay,KY,86.07,few clouds,19.3667,-81.4167,Calypso Cove
590,Ulaanbaatar,MN,34.05,scattered clouds,47.9077,106.8832,The Blue Sky Hotel and Tower
591,Coquimbo,CL,62.33,few clouds,-29.9533,-71.3436,Hotel San Juan
592,Jos,NG,81.7,overcast clouds,9.9167,8.9,Silk Suites
593,Frome,GB,41.63,few clouds,51.2283,-2.3221,Premier Inn Frome hotel
594,Okha,RU,14.88,broken clouds,53.5739,142.9478,Sakhalin-Sfera
595,Piacabucu,BR,78.31,few clouds,-10.4056,-36.4344,Pia√ßabu√ßu News
596,Plattsburgh,US,47.16,clear sky,44.6995,-73.4529,La Quinta Inn & Suites by Wyndham Plattsburgh
597,Alamor,EC,67.68,moderate rain,-4.0181,-80.0197,Hotel central
598,Yankton,US,61.12,few clouds,42.8711,-97.3973,"Holiday Inn Express & Suites Yankton, an IHG Hotel"
599,Guiyang,CN,39.69,clear sky,26.5833,106.7167,Guo Tai Hotel Guiyang
600,Contai,IN,78.48,few clouds,21.7786,87.7536,PATHFINDER
601,Nantucket,US,55.51,clear sky,41.2835,-70.0995,Jared Coffin House
602,Leh,IN,25.16,clear sky,34.1667,77.5833,Hotel Ladakh Greens
603,Chifeng,CN,39.99,scattered clouds,42.2683,118.9636,Junyu Tiancheng Hotel
604,Vao,NC,79.07,overcast clouds,-22.6667,167.4833,Hotel Kou-Bugny
607,Koppal,IN,80.17,few clouds,15.35,76.15,OYO 37740 Hotel Manik Residency
608,Igrejinha,BR,75.67,broken clouds,-29.5744,-50.7903,Hotel Igrejinha
609,Khani,GE,58.57,few clouds,41.9563,42.9566,·Éô·É£·É†·Éù·É†·É¢·Éò ·Éñ·Éî·Éô·Éê·É†·Éò/Resort Zekari
610,Dakar,SN,68.88,clear sky,14.6937,-17.4441,Novotel Dakar
611,Axim,GH,80.62,light rain,4.8699,-2.2405,Axim Beach Resort And Spa
613,Maragogi,BR,79.09,few clouds,-9.0122,-35.2225,Salinas do Maragogi All Inclusive Resort
614,Blairmore,CA,49.12,overcast clouds,49.6,-114.4353,Highwood Motel
615,Zhongshan,CN,58.84,broken clouds,21.3226,110.5829,Jianmin Restaurant
616,Villablino,ES,29.64,scattered clouds,42.9393,-6.3194,Hotel La Bra√±ina
618,Shimoda,JP,45.1,light rain,34.6667,138.95,Shimoda Tokyu Hotel
619,Venice,US,80.98,mist,27.0998,-82.4543,A Beach Retreat On Casey Key
620,Morondava,MG,78.93,clear sky,-20.2833,44.2833,La Case Bambou
622,Sungaipenuh,ID,61.84,moderate rain,-2.0833,101.3833,Penginapan Citra Alam
623,Fenoarivo Atsinanana,MG,72.81,few clouds,-17.3667,49.4167,L'Oasis Lodge
624,Foca,TR,62.47,clear sky,38.6703,26.7566,Huri&Nuri Hotel
625,Antofagasta,CL,67.28,clear sky,-23.65,-70.4,"Holiday Inn Express Antofagasta, an IHG Hotel"
626,Killybegs,IE,41.52,clear sky,54.6333,-8.45,Tara Hotel
627,Chicama,PE,68.54,overcast clouds,-7.8447,-79.1469,Balihai Bungalows
628,Whitianga,NZ,66.4,overcast clouds,-36.8333,175.7,Beachside Resort Whitianga
630,Batticaloa,LK,78.35,broken clouds,7.7102,81.6924,Grand Star Guest House
631,Savannah Bight,HN,81.37,clear sky,16.45,-85.85,Villa on Dunbar Rock
632,Severnoye,RU,27.48,snow,56.3491,78.3619,Gostinitsa Severyanka
633,Roswell,US,65.98,broken clouds,34.0232,-84.3616,La Quinta Inn & Suites by Wyndham Atlanta Roswell
634,Dicabisagan,PH,76.39,light rain,17.0818,122.4157,Nancy Montanes Bernardo
635,Tomatlan,MX,86.65,clear sky,19.9333,-105.25,El Salvial
636,Quatre Cocos,MU,75.31,moderate rain,-20.2078,57.7625,Sunrise Attitude Hotel
637,Sigli,ID,78.82,light rain,5.3848,95.9609,Losmen Dua Mali
638,Voh,NC,80.65,overcast clouds,-20.9667,164.7,Le g√Æte du Koniambo
639,Braco Do Norte,BR,71.56,broken clouds,-28.275,-49.1656,Costa Nobre Hotel
641,Kyaikkami,MM,77.76,moderate rain,16.08,97.5675,St. joseph catholic church
642,Halifax,CA,41.22,overcast clouds,44.6453,-63.5724,Hotel Halifax
643,Nampula,MZ,73.35,scattered clouds,-15.1165,39.2666,Ruby Backpackers
645,Fujin,CN,34.68,clear sky,47.26,132.0322,Xilong Hotel Fujin Shop
646,Mandera,KE,88.61,overcast clouds,3.9366,41.867,Hiren Hotel Mandera
647,Tual,ID,81.9,overcast clouds,-5.6667,132.75,Grand Vilia Hotel
648,Balakovo,RU,52.32,light rain,52.0278,47.8007,Victoria Hotel
649,Giyani,ZA,73.35,clear sky,-23.3025,30.7187,Kulani Country Lodge
652,Bambanglipuro,ID,75.97,broken clouds,-7.95,110.2833,Puri Brata
653,Dumai,ID,73.76,moderate rain,1.6833,101.45,Grand Zuri Dumai
654,Shasta Lake,US,73.54,scattered clouds,40.6804,-122.3708,Shasta Dam Motel
655,Urambo,TZ,67.55,broken clouds,-5.0667,32.05,Fair Lodge
657,Dunmore,US,53.15,scattered clouds,41.4198,-75.6324,Radisson Lackawanna Station Hotel Scranton
658,Gagino,RU,38.07,overcast clouds,55.2314,45.0339,Mini-Otel'
659,San Luis,AR,71.67,clear sky,-33.295,-66.3356,Huarpes Hotel
660,Mislinja,SI,32.29,light snow,46.4411,15.1956,Kmetija Adam
661,Nagtipunan,PH,72.03,overcast clouds,16.2167,121.6,D' Fields Travellers Place
662,Mount Isa,AU,73.17,clear sky,-20.7333,139.5,ibis Styles Mt Isa Verona
663,Alappuzha,IN,79.93,scattered clouds,9.49,76.3264,Panoramic Sea Resort
665,Daugavpils,LV,27.39,overcast clouds,55.8833,26.5333,Dinaburg SPA Hotel
666,Mandalgovi,MN,36.45,scattered clouds,45.7625,106.2708,–í.–ì–∞–Ω–±–∞—Ç
668,Clyde River,CA,14.23,fog,70.4692,-68.5914,Qamaq Hotel
669,Prince George,CA,48.25,clear sky,53.9166,-122.753,Canadas Best Value Inn Prince George
671,Babu,CN,49.66,clear sky,24.4167,111.5167,IU Hotel Hezhou Bus Terminal
672,Kirkenes,NO,20.35,overcast clouds,69.7271,30.0458,Scandic Kirkenes
673,Angoche,MZ,78.1,clear sky,-16.2325,39.9086,Guest House HESADA
674,Taperoa,BR,79.05,broken clouds,-7.2075,-36.8267,Hotel Casar√£o Antigo
675,Cervo,ES,48.96,few clouds,43.6702,-7.4101,Hotel Spa Galatea
676,Jumla,NP,46.85,clear sky,29.2747,82.1838,Royal Garden Hotel
677,Mayuge,UG,71.53,overcast clouds,0.4597,33.4803,Kagolo Bar and Lodge
678,Nago,JP,61.65,overcast clouds,26.5881,127.9761,Hotel Yugaf Inn Okinawa
679,Malabo,GQ,81.61,clear sky,3.75,8.7833,Magno Suites
680,Bembereke,BJ,89.42,overcast clouds,10.2283,2.6634,Hotel Bio Guera
681,Gainesville,US,63.91,moderate rain,29.6516,-82.3248,Wyndham Garden Gainesville
682,Kaeo,NZ,64.33,overcast clouds,-35.1,173.7833,Bushido Lodge
683,Toamasina,MG,73.4,few clouds,-18.1667,49.3833,Hotel H1
684,Qingdao,CN,35.2,fog,36.0986,120.3719,Le Meridien Qingdao
685,Canutama,BR,69.69,overcast clouds,-6.5339,-64.3831,Hotel Jhennifer
686,Sayansk,RU,29.12,light snow,54.1088,102.1648,Yubileynaya
687,Majene,ID,76.98,overcast clouds,-3.5403,118.9707,Kost Putri RABBANI
688,Hay River,CA,3.16,broken clouds,60.8156,-115.7999,Ptarmigan Inn
